[
  {
    "id": "c076d7f4-486b-4c18-aa41-2227a1174d2d",
    "data": [
      {
        "text": "불고기피자가",
        "alias": "pizza_type",
        "meta": "@pizza_type",
        "userDefined": false
      },
      {
        "text": " 뭐야",
        "userDefined": false
      }
    ],
    "isTemplate": false,
    "count": 0
  },
  {
    "id": "1099eeab-6b74-471e-8e82-eacb372bab6f",
    "data": [
      {
        "text": "무슨 피자있어?",
        "userDefined": false
      }
    ],
    "isTemplate": false,
    "count": 0
  },
  {
    "id": "982ada67-3ae3-4fde-b58a-4be20e8c382b",
    "data": [
      {
        "text": "불고기피자",
        "alias": "pizza_type",
        "meta": "@pizza_type",
        "userDefined": false
      },
      {
        "text": "에 대해 설명해봐",
        "userDefined": false
      }
    ],
    "isTemplate": false,
    "count": 0
  },
  {
    "id": "1ec96253-d611-4e35-81ea-4981df5d403d",
    "data": [
      {
        "text": "피자 알려줘",
        "userDefined": false
      }
    ],
    "isTemplate": false,
    "count": 0
  },
  {
    "id": "6946d6b1-b819-44c6-a95e-3dd6f4a9208f",
    "data": [
      {
        "text": "피자 뭐있어?",
        "userDefined": false
      }
    ],
    "isTemplate": false,
    "count": 0
  },
  {
    "id": "870fe349-1bcd-46f1-972f-916cd5693c84",
    "data": [
      {
        "text": "페퍼로니피자",
        "alias": "pizza_type",
        "meta": "@pizza_type",
        "userDefined": false
      },
      {
        "text": "가 뭐야?",
        "userDefined": false
      }
    ],
    "isTemplate": false,
    "count": 0
  },
  {
    "id": "da7f8dd1-eedd-4659-a21e-58c4d6617e19",
    "data": [
      {
        "text": "메뉴",
        "userDefined": false
      }
    ],
    "isTemplate": false,
    "count": 0
  },
  {
    "id": "c1a672c2-cc08-4108-bb49-1b4b7025d139",
    "data": [
      {
        "text": "메뉴 뭐있어?",
        "userDefined": false
      }
    ],
    "isTemplate": false,
    "count": 0
  },
  {
    "id": "ca4045bc-34d4-4620-a180-e336bbffead9",
    "data": [
      {
        "text": "메뉴 보여줘",
        "userDefined": false
      }
    ],
    "isTemplate": false,
    "count": 0
  },
  {
    "id": "9b2e5df6-651a-480e-b834-7fc78169d3b1",
    "data": [
      {
        "text": "포테이토피자",
        "alias": "pizza_type",
        "meta": "@pizza_type",
        "userDefined": false
      },
      {
        "text": "는 어떤거야?",
        "userDefined": false
      }
    ],
    "isTemplate": false,
    "count": 0
  },
  {
    "id": "5f524352-d6b2-4170-bdeb-f26a8fa7223c",
    "data": [
      {
        "text": "피자 종류는?",
        "userDefined": false
      }
    ],
    "isTemplate": false,
    "count": 0
  },
  {
    "id": "74ea19af-ab9f-44e8-8b52-eab961ee671e",
    "data": [
      {
        "text": "포테이토피자",
        "alias": "pizza_type",
        "meta": "@pizza_type",
        "userDefined": false
      },
      {
        "text": "는 무슨맛이야",
        "userDefined": false
      }
    ],
    "isTemplate": false,
    "count": 0
  },
  {
    "id": "2b80b1b4-d943-4912-8841-06641f76ae5d",
    "data": [
      {
        "text": "포테이토피자",
        "alias": "pizza_type",
        "meta": "@pizza_type",
        "userDefined": false
      },
      {
        "text": " 알려줘",
        "userDefined": false
      }
    ],
    "isTemplate": false,
    "count": 0
  },
  {
    "id": "261bdc2c-14fb-4b5a-a625-643aa38cc827",
    "data": [
      {
        "text": "불고기피자",
        "alias": "pizza_type",
        "meta": "@pizza_type",
        "userDefined": false
      },
      {
        "text": " 보여줘",
        "userDefined": false
      }
    ],
    "isTemplate": false,
    "count": 0
  },
  {
    "id": "b0ca4b72-d2fd-4104-9520-2e41219f8871",
    "data": [
      {
        "text": "페퍼로니피자",
        "alias": "pizza_type",
        "meta": "@pizza_type",
        "userDefined": false
      }
    ],
    "isTemplate": false,
    "count": 0
  }
]